"Status","Start Time","Stop Time","Duration in ms","Parent Suite","Suite","Sub Suite","Test Class","Test Method","Name","Description"
"passed","Sun Jul 14 16:25:52 GMT 2024","Sun Jul 14 16:25:53 GMT 2024","564","","io.novafoundation.nova.balances.BalancesIntegrationTest","","io.novafoundation.nova.balances.BalancesIntegrationTest","testBalancesLoading[Turing]","testBalancesLoading[Turing]",""
"passed","Sun Jul 14 16:28:31 GMT 2024","Sun Jul 14 16:28:33 GMT 2024","2032","","io.novafoundation.nova.balances.BalancesIntegrationTest","","io.novafoundation.nova.balances.BalancesIntegrationTest","testBalancesLoading[Enjin Relay]","testBalancesLoading[Enjin Relay]",""
"passed","Sun Jul 14 16:28:06 GMT 2024","Sun Jul 14 16:28:07 GMT 2024","489","","io.novafoundation.nova.balances.BalancesIntegrationTest","","io.novafoundation.nova.balances.BalancesIntegrationTest","testBalancesLoading[GIANT]","testBalancesLoading[GIANT]",""
"passed","Sun Jul 14 16:28:47 GMT 2024","Sun Jul 14 16:28:48 GMT 2024","317","","io.novafoundation.nova.balances.BalancesIntegrationTest","","io.novafoundation.nova.balances.BalancesIntegrationTest","testFeeLoading[Jur]","testFeeLoading[Jur]",""
"broken","Sun Jul 14 16:25:56 GMT 2024","Sun Jul 14 16:27:17 GMT 2024","80815","","io.novafoundation.nova.balances.BalancesIntegrationTest","","io.novafoundation.nova.balances.BalancesIntegrationTest","testBalancesLoading[Parallel Heiko]","testBalancesLoading[Parallel Heiko]",""
"passed","Sun Jul 14 16:28:01 GMT 2024","Sun Jul 14 16:28:03 GMT 2024","1239","","io.novafoundation.nova.balances.BalancesIntegrationTest","","io.novafoundation.nova.balances.BalancesIntegrationTest","testBalancesLoading[Ajuna]","testBalancesLoading[Ajuna]",""
"passed","Sun Jul 14 16:28:22 GMT 2024","Sun Jul 14 16:28:23 GMT 2024","1154","","io.novafoundation.nova.balances.BalancesIntegrationTest","","io.novafoundation.nova.balances.BalancesIntegrationTest","testBalancesLoading[Polimec]","testBalancesLoading[Polimec]",""
"passed","Sun Jul 14 16:25:15 GMT 2024","Sun Jul 14 16:25:17 GMT 2024","1558","","io.novafoundation.nova.balances.BalancesIntegrationTest","","io.novafoundation.nova.balances.BalancesIntegrationTest","testFeeLoading[Clover]","testFeeLoading[Clover]",""
"passed","Sun Jul 14 16:27:54 GMT 2024","Sun Jul 14 16:27:54 GMT 2024","528","","io.novafoundation.nova.balances.BalancesIntegrationTest","","io.novafoundation.nova.balances.BalancesIntegrationTest","testFeeLoading[Aventus]","testFeeLoading[Aventus]",""
"passed","Sun Jul 14 16:27:43 GMT 2024","Sun Jul 14 16:27:43 GMT 2024","568","","io.novafoundation.nova.balances.BalancesIntegrationTest","","io.novafoundation.nova.balances.BalancesIntegrationTest","testFeeLoading[Ternoa]","testFeeLoading[Ternoa]",""
"passed","Sun Jul 14 16:25:37 GMT 2024","Sun Jul 14 16:25:38 GMT 2024","791","","io.novafoundation.nova.balances.BalancesIntegrationTest","","io.novafoundation.nova.balances.BalancesIntegrationTest","testBalancesLoading[Moonbase Alpha]","testBalancesLoading[Moonbase Alpha]",""
"passed","Sun Jul 14 16:27:39 GMT 2024","Sun Jul 14 16:27:41 GMT 2024","2363","","io.novafoundation.nova.balances.BalancesIntegrationTest","","io.novafoundation.nova.balances.BalancesIntegrationTest","testBalancesLoading[Amplitude]","testBalancesLoading[Amplitude]",""
"passed","Sun Jul 14 16:27:27 GMT 2024","Sun Jul 14 16:27:28 GMT 2024","1138","","io.novafoundation.nova.balances.BalancesIntegrationTest","","io.novafoundation.nova.balances.BalancesIntegrationTest","testBalancesLoading[OriginTrail Parachain]","testBalancesLoading[OriginTrail Parachain]",""
"passed","Sun Jul 14 16:24:50 GMT 2024","Sun Jul 14 16:24:50 GMT 2024","154","","io.novafoundation.nova.balances.BalancesIntegrationTest","","io.novafoundation.nova.balances.BalancesIntegrationTest","testFeeLoading[Edgeware]","testFeeLoading[Edgeware]",""
"passed","Sun Jul 14 16:28:36 GMT 2024","Sun Jul 14 16:28:37 GMT 2024","1351","","io.novafoundation.nova.balances.BalancesIntegrationTest","","io.novafoundation.nova.balances.BalancesIntegrationTest","testBalancesLoading[Acurast Canary]","testBalancesLoading[Acurast Canary]",""
"passed","Sun Jul 14 16:25:55 GMT 2024","Sun Jul 14 16:25:56 GMT 2024","584","","io.novafoundation.nova.balances.BalancesIntegrationTest","","io.novafoundation.nova.balances.BalancesIntegrationTest","testBalancesLoading[Polkadex Solochain]","testBalancesLoading[Polkadex Solochain]",""
"passed","Sun Jul 14 16:27:17 GMT 2024","Sun Jul 14 16:27:18 GMT 2024","1011","","io.novafoundation.nova.balances.BalancesIntegrationTest","","io.novafoundation.nova.balances.BalancesIntegrationTest","testFeeLoading[Parallel Heiko]","testFeeLoading[Parallel Heiko]",""
"passed","Sun Jul 14 16:27:33 GMT 2024","Sun Jul 14 16:27:33 GMT 2024","602","","io.novafoundation.nova.balances.BalancesIntegrationTest","","io.novafoundation.nova.balances.BalancesIntegrationTest","testFeeLoading[Kabocha]","testFeeLoading[Kabocha]",""
"passed","Sun Jul 14 16:28:38 GMT 2024","Sun Jul 14 16:28:39 GMT 2024","1328","","io.novafoundation.nova.balances.BalancesIntegrationTest","","io.novafoundation.nova.balances.BalancesIntegrationTest","testBalancesLoading[Kreivo]","testBalancesLoading[Kreivo]",""
"passed","Sun Jul 14 16:28:41 GMT 2024","Sun Jul 14 16:28:42 GMT 2024","858","","io.novafoundation.nova.balances.BalancesIntegrationTest","","io.novafoundation.nova.balances.BalancesIntegrationTest","testBalancesLoading[Avail]","testBalancesLoading[Avail]",""
"passed","Sun Jul 14 16:28:15 GMT 2024","Sun Jul 14 16:28:15 GMT 2024","253","","io.novafoundation.nova.balances.BalancesIntegrationTest","","io.novafoundation.nova.balances.BalancesIntegrationTest","testFeeLoading[Enjin Matrixchain]","testFeeLoading[Enjin Matrixchain]",""
"passed","Sun Jul 14 16:27:50 GMT 2024","Sun Jul 14 16:27:52 GMT 2024","2106","","io.novafoundation.nova.balances.BalancesIntegrationTest","","io.novafoundation.nova.balances.BalancesIntegrationTest","testBalancesLoading[Pendulum]","testBalancesLoading[Pendulum]",""
"passed","Sun Jul 14 16:27:23 GMT 2024","Sun Jul 14 16:27:25 GMT 2024","2409","","io.novafoundation.nova.balances.BalancesIntegrationTest","","io.novafoundation.nova.balances.BalancesIntegrationTest","testBalancesLoading[Litentry]","testBalancesLoading[Litentry]",""
"passed","Sun Jul 14 16:25:38 GMT 2024","Sun Jul 14 16:25:38 GMT 2024","195","","io.novafoundation.nova.balances.BalancesIntegrationTest","","io.novafoundation.nova.balances.BalancesIntegrationTest","testFeeLoading[Moonbase Alpha]","testFeeLoading[Moonbase Alpha]",""
"passed","Sun Jul 14 16:28:18 GMT 2024","Sun Jul 14 16:28:18 GMT 2024","265","","io.novafoundation.nova.balances.BalancesIntegrationTest","","io.novafoundation.nova.balances.BalancesIntegrationTest","testFeeLoading[Watr]","testFeeLoading[Watr]",""
"passed","Sun Jul 14 16:27:35 GMT 2024","Sun Jul 14 16:27:35 GMT 2024","606","","io.novafoundation.nova.balances.BalancesIntegrationTest","","io.novafoundation.nova.balances.BalancesIntegrationTest","testFeeLoading[Bajun]","testFeeLoading[Bajun]",""
"passed","Sun Jul 14 16:24:57 GMT 2024","Sun Jul 14 16:25:03 GMT 2024","6283","","io.novafoundation.nova.balances.BalancesIntegrationTest","","io.novafoundation.nova.balances.BalancesIntegrationTest","testBalancesLoading[Calamari]","testBalancesLoading[Calamari]",""
"passed","Sun Jul 14 16:24:48 GMT 2024","Sun Jul 14 16:24:49 GMT 2024","1393","","io.novafoundation.nova.balances.BalancesIntegrationTest","","io.novafoundation.nova.balances.BalancesIntegrationTest","testFeeLoading[Bifrost]","testFeeLoading[Bifrost]",""
"passed","Sun Jul 14 16:25:53 GMT 2024","Sun Jul 14 16:25:54 GMT 2024","1202","","io.novafoundation.nova.balances.BalancesIntegrationTest","","io.novafoundation.nova.balances.BalancesIntegrationTest","testBalancesLoading[Integritee Parachain]","testBalancesLoading[Integritee Parachain]",""
"passed","Sun Jul 14 16:25:55 GMT 2024","Sun Jul 14 16:25:55 GMT 2024","88","","io.novafoundation.nova.balances.BalancesIntegrationTest","","io.novafoundation.nova.balances.BalancesIntegrationTest","testBalancesLoading[Aleph Zero]","testBalancesLoading[Aleph Zero]",""
"passed","Sun Jul 14 16:28:51 GMT 2024","Sun Jul 14 16:28:51 GMT 2024","583","","io.novafoundation.nova.balances.BalancesIntegrationTest","","io.novafoundation.nova.balances.BalancesIntegrationTest","testBalancesLoading[Bittensor]","testBalancesLoading[Bittensor]",""
"passed","Sun Jul 14 16:25:41 GMT 2024","Sun Jul 14 16:25:42 GMT 2024","664","","io.novafoundation.nova.balances.BalancesIntegrationTest","","io.novafoundation.nova.balances.BalancesIntegrationTest","testFeeLoading[Subsocial Parachain]","testFeeLoading[Subsocial Parachain]",""
"passed","Sun Jul 14 16:27:38 GMT 2024","Sun Jul 14 16:27:39 GMT 2024","458","","io.novafoundation.nova.balances.BalancesIntegrationTest","","io.novafoundation.nova.balances.BalancesIntegrationTest","testFeeLoading[Statemint]","testFeeLoading[Statemint]",""
"passed","Sun Jul 14 16:27:37 GMT 2024","Sun Jul 14 16:27:38 GMT 2024","726","","io.novafoundation.nova.balances.BalancesIntegrationTest","","io.novafoundation.nova.balances.BalancesIntegrationTest","testFeeLoading[Tinkernet]","testFeeLoading[Tinkernet]",""
"passed","Sun Jul 14 16:28:51 GMT 2024","Sun Jul 14 16:28:52 GMT 2024","237","","io.novafoundation.nova.balances.BalancesIntegrationTest","","io.novafoundation.nova.balances.BalancesIntegrationTest","testFeeLoading[Bittensor]","testFeeLoading[Bittensor]",""
"passed","Sun Jul 14 16:25:44 GMT 2024","Sun Jul 14 16:25:46 GMT 2024","1474","","io.novafoundation.nova.balances.BalancesIntegrationTest","","io.novafoundation.nova.balances.BalancesIntegrationTest","testFeeLoading[Crust Shadow]","testFeeLoading[Crust Shadow]",""
"passed","Sun Jul 14 16:24:49 GMT 2024","Sun Jul 14 16:24:50 GMT 2024","740","","io.novafoundation.nova.balances.BalancesIntegrationTest","","io.novafoundation.nova.balances.BalancesIntegrationTest","testBalancesLoading[Edgeware]","testBalancesLoading[Edgeware]",""
"passed","Sun Jul 14 16:25:05 GMT 2024","Sun Jul 14 16:25:05 GMT 2024","141","","io.novafoundation.nova.balances.BalancesIntegrationTest","","io.novafoundation.nova.balances.BalancesIntegrationTest","testFeeLoading[Acala]","testFeeLoading[Acala]",""
"passed","Sun Jul 14 16:28:17 GMT 2024","Sun Jul 14 16:28:18 GMT 2024","610","","io.novafoundation.nova.balances.BalancesIntegrationTest","","io.novafoundation.nova.balances.BalancesIntegrationTest","testBalancesLoading[Watr]","testBalancesLoading[Watr]",""
"passed","Sun Jul 14 16:25:40 GMT 2024","Sun Jul 14 16:25:41 GMT 2024","1260","","io.novafoundation.nova.balances.BalancesIntegrationTest","","io.novafoundation.nova.balances.BalancesIntegrationTest","testBalancesLoading[Subsocial Parachain]","testBalancesLoading[Subsocial Parachain]",""
"passed","Sun Jul 14 16:28:07 GMT 2024","Sun Jul 14 16:28:07 GMT 2024","113","","io.novafoundation.nova.balances.BalancesIntegrationTest","","io.novafoundation.nova.balances.BalancesIntegrationTest","testFeeLoading[GIANT]","testFeeLoading[GIANT]",""
"passed","Sun Jul 14 16:25:32 GMT 2024","Sun Jul 14 16:25:32 GMT 2024","735","","io.novafoundation.nova.balances.BalancesIntegrationTest","","io.novafoundation.nova.balances.BalancesIntegrationTest","testFeeLoading[Centrifuge Parachain]","testFeeLoading[Centrifuge Parachain]",""
"passed","Sun Jul 14 16:28:44 GMT 2024","Sun Jul 14 16:28:45 GMT 2024","721","","io.novafoundation.nova.balances.BalancesIntegrationTest","","io.novafoundation.nova.balances.BalancesIntegrationTest","testFeeLoading[Kusama People]","testFeeLoading[Kusama People]",""
"passed","Sun Jul 14 16:28:08 GMT 2024","Sun Jul 14 16:28:09 GMT 2024","1012","","io.novafoundation.nova.balances.BalancesIntegrationTest","","io.novafoundation.nova.balances.BalancesIntegrationTest","testBalancesLoading[Polkadot Collectives]","testBalancesLoading[Polkadot Collectives]",""
"passed","Sun Jul 14 16:24:44 GMT 2024","Sun Jul 14 16:24:45 GMT 2024","714","","io.novafoundation.nova.balances.BalancesIntegrationTest","","io.novafoundation.nova.balances.BalancesIntegrationTest","testBalancesLoading[Moonriver]","testBalancesLoading[Moonriver]",""
"passed","Sun Jul 14 16:24:40 GMT 2024","Sun Jul 14 16:24:42 GMT 2024","1470","","io.novafoundation.nova.balances.BalancesIntegrationTest","","io.novafoundation.nova.balances.BalancesIntegrationTest","testBalancesLoading[Karura]","testBalancesLoading[Karura]",""
"passed","Sun Jul 14 16:27:48 GMT 2024","Sun Jul 14 16:27:48 GMT 2024","289","","io.novafoundation.nova.balances.BalancesIntegrationTest","","io.novafoundation.nova.balances.BalancesIntegrationTest","testFeeLoading[Myriad]","testFeeLoading[Myriad]",""
"passed","Sun Jul 14 16:28:06 GMT 2024","Sun Jul 14 16:28:06 GMT 2024","486","","io.novafoundation.nova.balances.BalancesIntegrationTest","","io.novafoundation.nova.balances.BalancesIntegrationTest","testFeeLoading[Vara]","testFeeLoading[Vara]",""
"passed","Sun Jul 14 16:25:29 GMT 2024","Sun Jul 14 16:25:30 GMT 2024","1447","","io.novafoundation.nova.balances.BalancesIntegrationTest","","io.novafoundation.nova.balances.BalancesIntegrationTest","testFeeLoading[Litmus]","testFeeLoading[Litmus]",""
"passed","Sun Jul 14 16:28:15 GMT 2024","Sun Jul 14 16:28:16 GMT 2024","1016","","io.novafoundation.nova.balances.BalancesIntegrationTest","","io.novafoundation.nova.balances.BalancesIntegrationTest","testBalancesLoading[Polkadot Bridge Hub]","testBalancesLoading[Polkadot Bridge Hub]",""
"passed","Sun Jul 14 16:24:25 GMT 2024","Sun Jul 14 16:24:34 GMT 2024","8980","","io.novafoundation.nova.balances.BalancesIntegrationTest","","io.novafoundation.nova.balances.BalancesIntegrationTest","testFeeLoading[Shiden]","testFeeLoading[Shiden]",""
"passed","Sun Jul 14 16:28:34 GMT 2024","Sun Jul 14 16:28:35 GMT 2024","1263","","io.novafoundation.nova.balances.BalancesIntegrationTest","","io.novafoundation.nova.balances.BalancesIntegrationTest","testBalancesLoading[Curio]","testBalancesLoading[Curio]",""
"passed","Sun Jul 14 16:27:31 GMT 2024","Sun Jul 14 16:27:32 GMT 2024","614","","io.novafoundation.nova.balances.BalancesIntegrationTest","","io.novafoundation.nova.balances.BalancesIntegrationTest","testFeeLoading[Moonbase Relay Testnet]","testFeeLoading[Moonbase Relay Testnet]",""
"passed","Sun Jul 14 16:28:28 GMT 2024","Sun Jul 14 16:28:30 GMT 2024","2276","","io.novafoundation.nova.balances.BalancesIntegrationTest","","io.novafoundation.nova.balances.BalancesIntegrationTest","testBalancesLoading[Continuum]","testBalancesLoading[Continuum]",""
"passed","Sun Jul 14 16:28:01 GMT 2024","Sun Jul 14 16:28:01 GMT 2024","795","","io.novafoundation.nova.balances.BalancesIntegrationTest","","io.novafoundation.nova.balances.BalancesIntegrationTest","testFeeLoading[3DPass]","testFeeLoading[3DPass]",""
"passed","Sun Jul 14 16:28:39 GMT 2024","Sun Jul 14 16:28:40 GMT 2024","575","","io.novafoundation.nova.balances.BalancesIntegrationTest","","io.novafoundation.nova.balances.BalancesIntegrationTest","testFeeLoading[Kreivo]","testFeeLoading[Kreivo]",""
"passed","Sun Jul 14 16:28:46 GMT 2024","Sun Jul 14 16:28:46 GMT 2024","546","","io.novafoundation.nova.balances.BalancesIntegrationTest","","io.novafoundation.nova.balances.BalancesIntegrationTest","testFeeLoading[Cere]","testFeeLoading[Cere]",""
"passed","Sun Jul 14 16:28:16 GMT 2024","Sun Jul 14 16:28:17 GMT 2024","473","","io.novafoundation.nova.balances.BalancesIntegrationTest","","io.novafoundation.nova.balances.BalancesIntegrationTest","testFeeLoading[Polkadot Bridge Hub]","testFeeLoading[Polkadot Bridge Hub]",""
"passed","Sun Jul 14 16:27:47 GMT 2024","Sun Jul 14 16:27:48 GMT 2024","627","","io.novafoundation.nova.balances.BalancesIntegrationTest","","io.novafoundation.nova.balances.BalancesIntegrationTest","testBalancesLoading[Myriad]","testBalancesLoading[Myriad]",""
"passed","Sun Jul 14 16:28:10 GMT 2024","Sun Jul 14 16:28:11 GMT 2024","159","","io.novafoundation.nova.balances.BalancesIntegrationTest","","io.novafoundation.nova.balances.BalancesIntegrationTest","testFeeLoading[krest]","testFeeLoading[krest]",""
"passed","Sun Jul 14 16:28:13 GMT 2024","Sun Jul 14 16:28:14 GMT 2024","1367","","io.novafoundation.nova.balances.BalancesIntegrationTest","","io.novafoundation.nova.balances.BalancesIntegrationTest","testFeeLoading[Manta]","testFeeLoading[Manta]",""
"passed","Sun Jul 14 16:25:50 GMT 2024","Sun Jul 14 16:25:51 GMT 2024","1343","","io.novafoundation.nova.balances.BalancesIntegrationTest","","io.novafoundation.nova.balances.BalancesIntegrationTest","testBalancesLoading[Phala]","testBalancesLoading[Phala]",""
"passed","Sun Jul 14 16:25:20 GMT 2024","Sun Jul 14 16:25:20 GMT 2024","126","","io.novafoundation.nova.balances.BalancesIntegrationTest","","io.novafoundation.nova.balances.BalancesIntegrationTest","testFeeLoading[QUARTZ]","testFeeLoading[QUARTZ]",""
"passed","Sun Jul 14 16:24:40 GMT 2024","Sun Jul 14 16:24:40 GMT 2024","513","","io.novafoundation.nova.balances.BalancesIntegrationTest","","io.novafoundation.nova.balances.BalancesIntegrationTest","testFeeLoading[Statemine]","testFeeLoading[Statemine]",""
"passed","Sun Jul 14 16:27:43 GMT 2024","Sun Jul 14 16:27:45 GMT 2024","1449","","io.novafoundation.nova.balances.BalancesIntegrationTest","","io.novafoundation.nova.balances.BalancesIntegrationTest","testBalancesLoading[Polymesh Mainnet]","testBalancesLoading[Polymesh Mainnet]",""
"passed","Sun Jul 14 16:25:30 GMT 2024","Sun Jul 14 16:25:32 GMT 2024","1459","","io.novafoundation.nova.balances.BalancesIntegrationTest","","io.novafoundation.nova.balances.BalancesIntegrationTest","testBalancesLoading[Centrifuge Parachain]","testBalancesLoading[Centrifuge Parachain]",""
"passed","Sun Jul 14 16:24:38 GMT 2024","Sun Jul 14 16:24:39 GMT 2024","748","","io.novafoundation.nova.balances.BalancesIntegrationTest","","io.novafoundation.nova.balances.BalancesIntegrationTest","testFeeLoading[Westend]","testFeeLoading[Westend]",""
"passed","Sun Jul 14 16:25:56 GMT 2024","Sun Jul 14 16:25:56 GMT 2024","201","","io.novafoundation.nova.balances.BalancesIntegrationTest","","io.novafoundation.nova.balances.BalancesIntegrationTest","testFeeLoading[Polkadex Solochain]","testFeeLoading[Polkadex Solochain]",""
"passed","Sun Jul 14 16:27:58 GMT 2024","Sun Jul 14 16:27:59 GMT 2024","752","","io.novafoundation.nova.balances.BalancesIntegrationTest","","io.novafoundation.nova.balances.BalancesIntegrationTest","testBalancesLoading[Hashed Network]","testBalancesLoading[Hashed Network]",""
"passed","Sun Jul 14 16:28:37 GMT 2024","Sun Jul 14 16:28:38 GMT 2024","687","","io.novafoundation.nova.balances.BalancesIntegrationTest","","io.novafoundation.nova.balances.BalancesIntegrationTest","testFeeLoading[Acurast Canary]","testFeeLoading[Acurast Canary]",""
"passed","Sun Jul 14 16:24:43 GMT 2024","Sun Jul 14 16:24:44 GMT 2024","1005","","io.novafoundation.nova.balances.BalancesIntegrationTest","","io.novafoundation.nova.balances.BalancesIntegrationTest","testBalancesLoading[Moonbeam]","testBalancesLoading[Moonbeam]",""
"passed","Sun Jul 14 16:28:26 GMT 2024","Sun Jul 14 16:28:27 GMT 2024","993","","io.novafoundation.nova.balances.BalancesIntegrationTest","","io.novafoundation.nova.balances.BalancesIntegrationTest","testBalancesLoading[Rolimec Rococo]","testBalancesLoading[Rolimec Rococo]",""
"passed","Sun Jul 14 16:27:18 GMT 2024","Sun Jul 14 16:27:18 GMT 2024","735","","io.novafoundation.nova.balances.BalancesIntegrationTest","","io.novafoundation.nova.balances.BalancesIntegrationTest","testBalancesLoading[Altair]","testBalancesLoading[Altair]",""
"passed","Sun Jul 14 16:25:42 GMT 2024","Sun Jul 14 16:25:44 GMT 2024","2480","","io.novafoundation.nova.balances.BalancesIntegrationTest","","io.novafoundation.nova.balances.BalancesIntegrationTest","testBalancesLoading[Crust Shadow]","testBalancesLoading[Crust Shadow]",""
"passed","Sun Jul 14 16:27:47 GMT 2024","Sun Jul 14 16:27:47 GMT 2024","651","","io.novafoundation.nova.balances.BalancesIntegrationTest","","io.novafoundation.nova.balances.BalancesIntegrationTest","testFeeLoading[DAO IPCI]","testFeeLoading[DAO IPCI]",""
"passed","Sun Jul 14 16:28:43 GMT 2024","Sun Jul 14 16:28:44 GMT 2024","1092","","io.novafoundation.nova.balances.BalancesIntegrationTest","","io.novafoundation.nova.balances.BalancesIntegrationTest","testBalancesLoading[Kusama People]","testBalancesLoading[Kusama People]",""
"passed","Sun Jul 14 16:25:11 GMT 2024","Sun Jul 14 16:25:13 GMT 2024","1336","","io.novafoundation.nova.balances.BalancesIntegrationTest","","io.novafoundation.nova.balances.BalancesIntegrationTest","testFeeLoading[Bit. Country]","testFeeLoading[Bit. Country]",""
"passed","Sun Jul 14 16:27:30 GMT 2024","Sun Jul 14 16:27:31 GMT 2024","1349","","io.novafoundation.nova.balances.BalancesIntegrationTest","","io.novafoundation.nova.balances.BalancesIntegrationTest","testBalancesLoading[Moonbase Relay Testnet]","testBalancesLoading[Moonbase Relay Testnet]",""
"passed","Sun Jul 14 16:25:08 GMT 2024","Sun Jul 14 16:25:09 GMT 2024","1597","","io.novafoundation.nova.balances.BalancesIntegrationTest","","io.novafoundation.nova.balances.BalancesIntegrationTest","testFeeLoading[Astar]","testFeeLoading[Astar]",""
"passed","Sun Jul 14 16:25:09 GMT 2024","Sun Jul 14 16:25:11 GMT 2024","2326","","io.novafoundation.nova.balances.BalancesIntegrationTest","","io.novafoundation.nova.balances.BalancesIntegrationTest","testBalancesLoading[Bit. Country]","testBalancesLoading[Bit. Country]",""
"passed","Sun Jul 14 16:25:26 GMT 2024","Sun Jul 14 16:25:26 GMT 2024","850","","io.novafoundation.nova.balances.BalancesIntegrationTest","","io.novafoundation.nova.balances.BalancesIntegrationTest","testFeeLoading[Picasso]","testFeeLoading[Picasso]",""
"passed","Sun Jul 14 16:27:29 GMT 2024","Sun Jul 14 16:27:29 GMT 2024","481","","io.novafoundation.nova.balances.BalancesIntegrationTest","","io.novafoundation.nova.balances.BalancesIntegrationTest","testBalancesLoading[Aleph Zero Testnet]","testBalancesLoading[Aleph Zero Testnet]",""
"passed","Sun Jul 14 16:28:05 GMT 2024","Sun Jul 14 16:28:05 GMT 2024","221","","io.novafoundation.nova.balances.BalancesIntegrationTest","","io.novafoundation.nova.balances.BalancesIntegrationTest","testFeeLoading[Frequency]","testFeeLoading[Frequency]",""
"passed","Sun Jul 14 16:25:26 GMT 2024","Sun Jul 14 16:25:29 GMT 2024","2426","","io.novafoundation.nova.balances.BalancesIntegrationTest","","io.novafoundation.nova.balances.BalancesIntegrationTest","testBalancesLoading[Litmus]","testBalancesLoading[Litmus]",""
"passed","Sun Jul 14 16:28:46 GMT 2024","Sun Jul 14 16:28:47 GMT 2024","1101","","io.novafoundation.nova.balances.BalancesIntegrationTest","","io.novafoundation.nova.balances.BalancesIntegrationTest","testBalancesLoading[Jur]","testBalancesLoading[Jur]",""
"passed","Sun Jul 14 16:28:50 GMT 2024","Sun Jul 14 16:28:51 GMT 2024","801","","io.novafoundation.nova.balances.BalancesIntegrationTest","","io.novafoundation.nova.balances.BalancesIntegrationTest","testFeeLoading[GM]","testFeeLoading[GM]",""
"passed","Sun Jul 14 16:28:09 GMT 2024","Sun Jul 14 16:28:10 GMT 2024","508","","io.novafoundation.nova.balances.BalancesIntegrationTest","","io.novafoundation.nova.balances.BalancesIntegrationTest","testFeeLoading[Polkadot Collectives]","testFeeLoading[Polkadot Collectives]",""
"passed","Sun Jul 14 16:25:23 GMT 2024","Sun Jul 14 16:25:24 GMT 2024","738","","io.novafoundation.nova.balances.BalancesIntegrationTest","","io.novafoundation.nova.balances.BalancesIntegrationTest","testFeeLoading[Robonomics]","testFeeLoading[Robonomics]",""
"passed","Sun Jul 14 16:28:20 GMT 2024","Sun Jul 14 16:28:21 GMT 2024","1161","","io.novafoundation.nova.balances.BalancesIntegrationTest","","io.novafoundation.nova.balances.BalancesIntegrationTest","testBalancesLoading[Dock]","testBalancesLoading[Dock]",""
"passed","Sun Jul 14 16:28:10 GMT 2024","Sun Jul 14 16:28:10 GMT 2024","495","","io.novafoundation.nova.balances.BalancesIntegrationTest","","io.novafoundation.nova.balances.BalancesIntegrationTest","testBalancesLoading[krest]","testBalancesLoading[krest]",""
"passed","Sun Jul 14 16:27:25 GMT 2024","Sun Jul 14 16:27:26 GMT 2024","1411","","io.novafoundation.nova.balances.BalancesIntegrationTest","","io.novafoundation.nova.balances.BalancesIntegrationTest","testFeeLoading[Litentry]","testFeeLoading[Litentry]",""
"passed","Sun Jul 14 16:27:41 GMT 2024","Sun Jul 14 16:27:42 GMT 2024","244","","io.novafoundation.nova.balances.BalancesIntegrationTest","","io.novafoundation.nova.balances.BalancesIntegrationTest","testFeeLoading[Amplitude]","testFeeLoading[Amplitude]",""
"passed","Sun Jul 14 16:27:53 GMT 2024","Sun Jul 14 16:27:53 GMT 2024","232","","io.novafoundation.nova.balances.BalancesIntegrationTest","","io.novafoundation.nova.balances.BalancesIntegrationTest","testFeeLoading[Pendulum]","testFeeLoading[Pendulum]",""
"passed","Sun Jul 14 16:25:20 GMT 2024","Sun Jul 14 16:25:21 GMT 2024","1581","","io.novafoundation.nova.balances.BalancesIntegrationTest","","io.novafoundation.nova.balances.BalancesIntegrationTest","testBalancesLoading[Parallel]","testBalancesLoading[Parallel]",""
"passed","Sun Jul 14 16:28:04 GMT 2024","Sun Jul 14 16:28:05 GMT 2024","450","","io.novafoundation.nova.balances.BalancesIntegrationTest","","io.novafoundation.nova.balances.BalancesIntegrationTest","testBalancesLoading[Frequency]","testBalancesLoading[Frequency]",""
"passed","Sun Jul 14 16:23:56 GMT 2024","Sun Jul 14 16:24:25 GMT 2024","28195","","io.novafoundation.nova.balances.BalancesIntegrationTest","","io.novafoundation.nova.balances.BalancesIntegrationTest","testBalancesLoading[Shiden]","testBalancesLoading[Shiden]",""
"passed","Sun Jul 14 16:25:46 GMT 2024","Sun Jul 14 16:25:47 GMT 2024","1472","","io.novafoundation.nova.balances.BalancesIntegrationTest","","io.novafoundation.nova.balances.BalancesIntegrationTest","testBalancesLoading[HydraDX]","testBalancesLoading[HydraDX]",""
"passed","Sun Jul 14 16:28:24 GMT 2024","Sun Jul 14 16:28:25 GMT 2024","1210","","io.novafoundation.nova.balances.BalancesIntegrationTest","","io.novafoundation.nova.balances.BalancesIntegrationTest","testBalancesLoading[InvArch]","testBalancesLoading[InvArch]",""
"passed","Sun Jul 14 16:25:17 GMT 2024","Sun Jul 14 16:25:18 GMT 2024","1269","","io.novafoundation.nova.balances.BalancesIntegrationTest","","io.novafoundation.nova.balances.BalancesIntegrationTest","testBalancesLoading[Basilisk]","testBalancesLoading[Basilisk]",""
"passed","Sun Jul 14 16:28:23 GMT 2024","Sun Jul 14 16:28:24 GMT 2024","540","","io.novafoundation.nova.balances.BalancesIntegrationTest","","io.novafoundation.nova.balances.BalancesIntegrationTest","testBalancesLoading[Energy Web X]","testBalancesLoading[Energy Web X]",""
"passed","Sun Jul 14 16:25:03 GMT 2024","Sun Jul 14 16:25:04 GMT 2024","1094","","io.novafoundation.nova.balances.BalancesIntegrationTest","","io.novafoundation.nova.balances.BalancesIntegrationTest","testFeeLoading[Calamari]","testFeeLoading[Calamari]",""
"passed","Sun Jul 14 16:24:56 GMT 2024","Sun Jul 14 16:24:57 GMT 2024","757","","io.novafoundation.nova.balances.BalancesIntegrationTest","","io.novafoundation.nova.balances.BalancesIntegrationTest","testFeeLoading[KILT Spiritnet]","testFeeLoading[KILT Spiritnet]",""
"passed","Sun Jul 14 16:24:45 GMT 2024","Sun Jul 14 16:24:48 GMT 2024","2828","","io.novafoundation.nova.balances.BalancesIntegrationTest","","io.novafoundation.nova.balances.BalancesIntegrationTest","testBalancesLoading[Bifrost]","testBalancesLoading[Bifrost]",""
"passed","Sun Jul 14 16:24:55 GMT 2024","Sun Jul 14 16:24:56 GMT 2024","1318","","io.novafoundation.nova.balances.BalancesIntegrationTest","","io.novafoundation.nova.balances.BalancesIntegrationTest","testBalancesLoading[KILT Spiritnet]","testBalancesLoading[KILT Spiritnet]",""
"passed","Sun Jul 14 16:25:34 GMT 2024","Sun Jul 14 16:25:35 GMT 2024","691","","io.novafoundation.nova.balances.BalancesIntegrationTest","","io.novafoundation.nova.balances.BalancesIntegrationTest","testFeeLoading[Zeitgeist]","testFeeLoading[Zeitgeist]",""
"passed","Sun Jul 14 16:28:07 GMT 2024","Sun Jul 14 16:28:08 GMT 2024","1073","","io.novafoundation.nova.balances.BalancesIntegrationTest","","io.novafoundation.nova.balances.BalancesIntegrationTest","testBalancesLoading[Kusama Bridge Hub]","testBalancesLoading[Kusama Bridge Hub]",""
"passed","Sun Jul 14 16:27:27 GMT 2024","Sun Jul 14 16:27:27 GMT 2024","189","","io.novafoundation.nova.balances.BalancesIntegrationTest","","io.novafoundation.nova.balances.BalancesIntegrationTest","testFeeLoading[UNIQUE]","testFeeLoading[UNIQUE]",""
"passed","Sun Jul 14 16:25:49 GMT 2024","Sun Jul 14 16:25:50 GMT 2024","663","","io.novafoundation.nova.balances.BalancesIntegrationTest","","io.novafoundation.nova.balances.BalancesIntegrationTest","testFeeLoading[Nodle Parachain]","testFeeLoading[Nodle Parachain]",""
"passed","Sun Jul 14 16:24:39 GMT 2024","Sun Jul 14 16:24:40 GMT 2024","1052","","io.novafoundation.nova.balances.BalancesIntegrationTest","","io.novafoundation.nova.balances.BalancesIntegrationTest","testBalancesLoading[Statemine]","testBalancesLoading[Statemine]",""
"passed","Sun Jul 14 16:28:08 GMT 2024","Sun Jul 14 16:28:08 GMT 2024","456","","io.novafoundation.nova.balances.BalancesIntegrationTest","","io.novafoundation.nova.balances.BalancesIntegrationTest","testFeeLoading[Kusama Bridge Hub]","testFeeLoading[Kusama Bridge Hub]",""
"passed","Sun Jul 14 16:28:18 GMT 2024","Sun Jul 14 16:28:19 GMT 2024","1483","","io.novafoundation.nova.balances.BalancesIntegrationTest","","io.novafoundation.nova.balances.BalancesIntegrationTest","testBalancesLoading[Joystream]","testBalancesLoading[Joystream]",""
"passed","Sun Jul 14 16:27:57 GMT 2024","Sun Jul 14 16:27:58 GMT 2024","1751","","io.novafoundation.nova.balances.BalancesIntegrationTest","","io.novafoundation.nova.balances.BalancesIntegrationTest","testFeeLoading[Crust Polkadot Parachain]","testFeeLoading[Crust Polkadot Parachain]",""
"passed","Sun Jul 14 16:27:54 GMT 2024","Sun Jul 14 16:27:57 GMT 2024","2282","","io.novafoundation.nova.balances.BalancesIntegrationTest","","io.novafoundation.nova.balances.BalancesIntegrationTest","testBalancesLoading[Crust Polkadot Parachain]","testBalancesLoading[Crust Polkadot Parachain]",""
"passed","Sun Jul 14 16:28:40 GMT 2024","Sun Jul 14 16:28:41 GMT 2024","1106","","io.novafoundation.nova.balances.BalancesIntegrationTest","","io.novafoundation.nova.balances.BalancesIntegrationTest","testBalancesLoading[Hyperbridge Nexus]","testBalancesLoading[Hyperbridge Nexus]",""
"passed","Sun Jul 14 16:25:22 GMT 2024","Sun Jul 14 16:25:23 GMT 2024","1143","","io.novafoundation.nova.balances.BalancesIntegrationTest","","io.novafoundation.nova.balances.BalancesIntegrationTest","testBalancesLoading[Robonomics]","testBalancesLoading[Robonomics]",""
"passed","Sun Jul 14 16:25:48 GMT 2024","Sun Jul 14 16:25:49 GMT 2024","1150","","io.novafoundation.nova.balances.BalancesIntegrationTest","","io.novafoundation.nova.balances.BalancesIntegrationTest","testBalancesLoading[Nodle Parachain]","testBalancesLoading[Nodle Parachain]",""
"passed","Sun Jul 14 16:27:59 GMT 2024","Sun Jul 14 16:28:01 GMT 2024","1464","","io.novafoundation.nova.balances.BalancesIntegrationTest","","io.novafoundation.nova.balances.BalancesIntegrationTest","testBalancesLoading[3DPass]","testBalancesLoading[3DPass]",""
"passed","Sun Jul 14 16:28:19 GMT 2024","Sun Jul 14 16:28:20 GMT 2024","599","","io.novafoundation.nova.balances.BalancesIntegrationTest","","io.novafoundation.nova.balances.BalancesIntegrationTest","testFeeLoading[Joystream]","testFeeLoading[Joystream]",""
"passed","Sun Jul 14 16:25:53 GMT 2024","Sun Jul 14 16:25:53 GMT 2024","145","","io.novafoundation.nova.balances.BalancesIntegrationTest","","io.novafoundation.nova.balances.BalancesIntegrationTest","testFeeLoading[Turing]","testFeeLoading[Turing]",""
"passed","Sun Jul 14 16:25:04 GMT 2024","Sun Jul 14 16:25:05 GMT 2024","610","","io.novafoundation.nova.balances.BalancesIntegrationTest","","io.novafoundation.nova.balances.BalancesIntegrationTest","testBalancesLoading[Acala]","testBalancesLoading[Acala]",""
"passed","Sun Jul 14 16:27:45 GMT 2024","Sun Jul 14 16:27:47 GMT 2024","1172","","io.novafoundation.nova.balances.BalancesIntegrationTest","","io.novafoundation.nova.balances.BalancesIntegrationTest","testBalancesLoading[DAO IPCI]","testBalancesLoading[DAO IPCI]",""
"passed","Sun Jul 14 16:27:29 GMT 2024","Sun Jul 14 16:27:30 GMT 2024","141","","io.novafoundation.nova.balances.BalancesIntegrationTest","","io.novafoundation.nova.balances.BalancesIntegrationTest","testFeeLoading[Aleph Zero Testnet]","testFeeLoading[Aleph Zero Testnet]",""
"passed","Sun Jul 14 16:28:23 GMT 2024","Sun Jul 14 16:28:23 GMT 2024","570","","io.novafoundation.nova.balances.BalancesIntegrationTest","","io.novafoundation.nova.balances.BalancesIntegrationTest","testFeeLoading[Polimec]","testFeeLoading[Polimec]",""
"passed","Sun Jul 14 16:28:05 GMT 2024","Sun Jul 14 16:28:06 GMT 2024","788","","io.novafoundation.nova.balances.BalancesIntegrationTest","","io.novafoundation.nova.balances.BalancesIntegrationTest","testBalancesLoading[Vara]","testBalancesLoading[Vara]",""
"passed","Sun Jul 14 16:27:59 GMT 2024","Sun Jul 14 16:27:59 GMT 2024","97","","io.novafoundation.nova.balances.BalancesIntegrationTest","","io.novafoundation.nova.balances.BalancesIntegrationTest","testFeeLoading[Hashed Network]","testFeeLoading[Hashed Network]",""
"passed","Sun Jul 14 16:25:47 GMT 2024","Sun Jul 14 16:25:48 GMT 2024","1124","","io.novafoundation.nova.balances.BalancesIntegrationTest","","io.novafoundation.nova.balances.BalancesIntegrationTest","testFeeLoading[HydraDX]","testFeeLoading[HydraDX]",""
"passed","Sun Jul 14 16:25:35 GMT 2024","Sun Jul 14 16:25:36 GMT 2024","1611","","io.novafoundation.nova.balances.BalancesIntegrationTest","","io.novafoundation.nova.balances.BalancesIntegrationTest","testBalancesLoading[Westmint]","testBalancesLoading[Westmint]",""
"passed","Sun Jul 14 16:25:05 GMT 2024","Sun Jul 14 16:25:08 GMT 2024","2361","","io.novafoundation.nova.balances.BalancesIntegrationTest","","io.novafoundation.nova.balances.BalancesIntegrationTest","testBalancesLoading[Astar]","testBalancesLoading[Astar]",""
"passed","Sun Jul 14 16:24:35 GMT 2024","Sun Jul 14 16:24:36 GMT 2024","815","","io.novafoundation.nova.balances.BalancesIntegrationTest","","io.novafoundation.nova.balances.BalancesIntegrationTest","testFeeLoading[Kusama]","testFeeLoading[Kusama]",""
"passed","Sun Jul 14 16:25:13 GMT 2024","Sun Jul 14 16:25:15 GMT 2024","2585","","io.novafoundation.nova.balances.BalancesIntegrationTest","","io.novafoundation.nova.balances.BalancesIntegrationTest","testBalancesLoading[Clover]","testBalancesLoading[Clover]",""
"passed","Sun Jul 14 16:25:18 GMT 2024","Sun Jul 14 16:25:19 GMT 2024","628","","io.novafoundation.nova.balances.BalancesIntegrationTest","","io.novafoundation.nova.balances.BalancesIntegrationTest","testFeeLoading[Basilisk]","testFeeLoading[Basilisk]",""
"passed","Sun Jul 14 16:27:53 GMT 2024","Sun Jul 14 16:27:54 GMT 2024","996","","io.novafoundation.nova.balances.BalancesIntegrationTest","","io.novafoundation.nova.balances.BalancesIntegrationTest","testBalancesLoading[Aventus]","testBalancesLoading[Aventus]",""
"passed","Sun Jul 14 16:24:42 GMT 2024","Sun Jul 14 16:24:43 GMT 2024","805","","io.novafoundation.nova.balances.BalancesIntegrationTest","","io.novafoundation.nova.balances.BalancesIntegrationTest","testFeeLoading[Karura]","testFeeLoading[Karura]",""
"passed","Sun Jul 14 16:27:26 GMT 2024","Sun Jul 14 16:27:27 GMT 2024","556","","io.novafoundation.nova.balances.BalancesIntegrationTest","","io.novafoundation.nova.balances.BalancesIntegrationTest","testBalancesLoading[UNIQUE]","testBalancesLoading[UNIQUE]",""
"passed","Sun Jul 14 16:28:14 GMT 2024","Sun Jul 14 16:28:15 GMT 2024","731","","io.novafoundation.nova.balances.BalancesIntegrationTest","","io.novafoundation.nova.balances.BalancesIntegrationTest","testBalancesLoading[Enjin Matrixchain]","testBalancesLoading[Enjin Matrixchain]",""
"passed","Sun Jul 14 16:28:04 GMT 2024","Sun Jul 14 16:28:04 GMT 2024","288","","io.novafoundation.nova.balances.BalancesIntegrationTest","","io.novafoundation.nova.balances.BalancesIntegrationTest","testFeeLoading[Imbue]","testFeeLoading[Imbue]",""
"passed","Sun Jul 14 16:24:34 GMT 2024","Sun Jul 14 16:24:35 GMT 2024","726","","io.novafoundation.nova.balances.BalancesIntegrationTest","","io.novafoundation.nova.balances.BalancesIntegrationTest","testFeeLoading[Polkadot]","testFeeLoading[Polkadot]",""
"passed","Sun Jul 14 16:28:24 GMT 2024","Sun Jul 14 16:28:24 GMT 2024","153","","io.novafoundation.nova.balances.BalancesIntegrationTest","","io.novafoundation.nova.balances.BalancesIntegrationTest","testFeeLoading[Energy Web X]","testFeeLoading[Energy Web X]",""
"passed","Sun Jul 14 16:27:18 GMT 2024","Sun Jul 14 16:27:19 GMT 2024","164","","io.novafoundation.nova.balances.BalancesIntegrationTest","","io.novafoundation.nova.balances.BalancesIntegrationTest","testFeeLoading[Altair]","testFeeLoading[Altair]",""
"passed","Sun Jul 14 16:28:33 GMT 2024","Sun Jul 14 16:28:34 GMT 2024","279","","io.novafoundation.nova.balances.BalancesIntegrationTest","","io.novafoundation.nova.balances.BalancesIntegrationTest","testFeeLoading[Enjin Relay]","testFeeLoading[Enjin Relay]",""
"passed","Sun Jul 14 16:27:35 GMT 2024","Sun Jul 14 16:27:37 GMT 2024","1358","","io.novafoundation.nova.balances.BalancesIntegrationTest","","io.novafoundation.nova.balances.BalancesIntegrationTest","testBalancesLoading[Tinkernet]","testBalancesLoading[Tinkernet]",""
"passed","Sun Jul 14 16:25:32 GMT 2024","Sun Jul 14 16:25:34 GMT 2024","1607","","io.novafoundation.nova.balances.BalancesIntegrationTest","","io.novafoundation.nova.balances.BalancesIntegrationTest","testBalancesLoading[Zeitgeist]","testBalancesLoading[Zeitgeist]",""
"passed","Sun Jul 14 16:24:53 GMT 2024","Sun Jul 14 16:24:55 GMT 2024","1725","","io.novafoundation.nova.balances.BalancesIntegrationTest","","io.novafoundation.nova.balances.BalancesIntegrationTest","testFeeLoading[Khala]","testFeeLoading[Khala]",""
"passed","Sun Jul 14 16:28:30 GMT 2024","Sun Jul 14 16:28:31 GMT 2024","1407","","io.novafoundation.nova.balances.BalancesIntegrationTest","","io.novafoundation.nova.balances.BalancesIntegrationTest","testFeeLoading[Continuum]","testFeeLoading[Continuum]",""
"passed","Sun Jul 14 16:27:32 GMT 2024","Sun Jul 14 16:27:33 GMT 2024","1297","","io.novafoundation.nova.balances.BalancesIntegrationTest","","io.novafoundation.nova.balances.BalancesIntegrationTest","testBalancesLoading[Kabocha]","testBalancesLoading[Kabocha]",""
"passed","Sun Jul 14 16:28:35 GMT 2024","Sun Jul 14 16:28:36 GMT 2024","780","","io.novafoundation.nova.balances.BalancesIntegrationTest","","io.novafoundation.nova.balances.BalancesIntegrationTest","testFeeLoading[Curio]","testFeeLoading[Curio]",""
"passed","Sun Jul 14 16:25:55 GMT 2024","Sun Jul 14 16:25:55 GMT 2024","229","","io.novafoundation.nova.balances.BalancesIntegrationTest","","io.novafoundation.nova.balances.BalancesIntegrationTest","testFeeLoading[Aleph Zero]","testFeeLoading[Aleph Zero]",""
"passed","Sun Jul 14 16:27:42 GMT 2024","Sun Jul 14 16:27:43 GMT 2024","1265","","io.novafoundation.nova.balances.BalancesIntegrationTest","","io.novafoundation.nova.balances.BalancesIntegrationTest","testBalancesLoading[Ternoa]","testBalancesLoading[Ternoa]",""
"passed","Sun Jul 14 16:27:38 GMT 2024","Sun Jul 14 16:27:38 GMT 2024","893","","io.novafoundation.nova.balances.BalancesIntegrationTest","","io.novafoundation.nova.balances.BalancesIntegrationTest","testBalancesLoading[Statemint]","testBalancesLoading[Statemint]",""
"passed","Sun Jul 14 16:24:34 GMT 2024","Sun Jul 14 16:24:34 GMT 2024","146","","io.novafoundation.nova.balances.BalancesIntegrationTest","","io.novafoundation.nova.balances.BalancesIntegrationTest","testBalancesLoading[Polkadot]","testBalancesLoading[Polkadot]",""
"passed","Sun Jul 14 16:27:45 GMT 2024","Sun Jul 14 16:27:45 GMT 2024","600","","io.novafoundation.nova.balances.BalancesIntegrationTest","","io.novafoundation.nova.balances.BalancesIntegrationTest","testFeeLoading[Polymesh Mainnet]","testFeeLoading[Polymesh Mainnet]",""
"passed","Sun Jul 14 16:28:45 GMT 2024","Sun Jul 14 16:28:46 GMT 2024","1022","","io.novafoundation.nova.balances.BalancesIntegrationTest","","io.novafoundation.nova.balances.BalancesIntegrationTest","testBalancesLoading[Cere]","testBalancesLoading[Cere]",""
"passed","Sun Jul 14 16:25:24 GMT 2024","Sun Jul 14 16:25:26 GMT 2024","1480","","io.novafoundation.nova.balances.BalancesIntegrationTest","","io.novafoundation.nova.balances.BalancesIntegrationTest","testBalancesLoading[Picasso]","testBalancesLoading[Picasso]",""
"passed","Sun Jul 14 16:28:41 GMT 2024","Sun Jul 14 16:28:41 GMT 2024","600","","io.novafoundation.nova.balances.BalancesIntegrationTest","","io.novafoundation.nova.balances.BalancesIntegrationTest","testFeeLoading[Hyperbridge Nexus]","testFeeLoading[Hyperbridge Nexus]",""
"passed","Sun Jul 14 16:25:39 GMT 2024","Sun Jul 14 16:25:40 GMT 2024","517","","io.novafoundation.nova.balances.BalancesIntegrationTest","","io.novafoundation.nova.balances.BalancesIntegrationTest","testFeeLoading[Encointer]","testFeeLoading[Encointer]",""
"passed","Sun Jul 14 16:24:45 GMT 2024","Sun Jul 14 16:24:45 GMT 2024","202","","io.novafoundation.nova.balances.BalancesIntegrationTest","","io.novafoundation.nova.balances.BalancesIntegrationTest","testFeeLoading[Moonriver]","testFeeLoading[Moonriver]",""
"passed","Sun Jul 14 16:28:48 GMT 2024","Sun Jul 14 16:28:50 GMT 2024","2296","","io.novafoundation.nova.balances.BalancesIntegrationTest","","io.novafoundation.nova.balances.BalancesIntegrationTest","testBalancesLoading[GM]","testBalancesLoading[GM]",""
"passed","Sun Jul 14 16:25:51 GMT 2024","Sun Jul 14 16:25:52 GMT 2024","781","","io.novafoundation.nova.balances.BalancesIntegrationTest","","io.novafoundation.nova.balances.BalancesIntegrationTest","testFeeLoading[Phala]","testFeeLoading[Phala]",""
"passed","Sun Jul 14 16:27:50 GMT 2024","Sun Jul 14 16:27:50 GMT 2024","741","","io.novafoundation.nova.balances.BalancesIntegrationTest","","io.novafoundation.nova.balances.BalancesIntegrationTest","testFeeLoading[XX network]","testFeeLoading[XX network]",""
"passed","Sun Jul 14 16:25:19 GMT 2024","Sun Jul 14 16:25:20 GMT 2024","828","","io.novafoundation.nova.balances.BalancesIntegrationTest","","io.novafoundation.nova.balances.BalancesIntegrationTest","testBalancesLoading[QUARTZ]","testBalancesLoading[QUARTZ]",""
"passed","Sun Jul 14 16:27:21 GMT 2024","Sun Jul 14 16:27:23 GMT 2024","1364","","io.novafoundation.nova.balances.BalancesIntegrationTest","","io.novafoundation.nova.balances.BalancesIntegrationTest","testFeeLoading[Bifrost Polkadot]","testFeeLoading[Bifrost Polkadot]",""
"passed","Sun Jul 14 16:24:50 GMT 2024","Sun Jul 14 16:24:53 GMT 2024","3143","","io.novafoundation.nova.balances.BalancesIntegrationTest","","io.novafoundation.nova.balances.BalancesIntegrationTest","testBalancesLoading[Khala]","testBalancesLoading[Khala]",""
"passed","Sun Jul 14 16:25:38 GMT 2024","Sun Jul 14 16:25:39 GMT 2024","1043","","io.novafoundation.nova.balances.BalancesIntegrationTest","","io.novafoundation.nova.balances.BalancesIntegrationTest","testBalancesLoading[Encointer]","testBalancesLoading[Encointer]",""
"passed","Sun Jul 14 16:28:21 GMT 2024","Sun Jul 14 16:28:22 GMT 2024","537","","io.novafoundation.nova.balances.BalancesIntegrationTest","","io.novafoundation.nova.balances.BalancesIntegrationTest","testFeeLoading[Dock]","testFeeLoading[Dock]",""
"passed","Sun Jul 14 16:25:54 GMT 2024","Sun Jul 14 16:25:55 GMT 2024","635","","io.novafoundation.nova.balances.BalancesIntegrationTest","","io.novafoundation.nova.balances.BalancesIntegrationTest","testFeeLoading[Integritee Parachain]","testFeeLoading[Integritee Parachain]",""
"passed","Sun Jul 14 16:25:36 GMT 2024","Sun Jul 14 16:25:37 GMT 2024","757","","io.novafoundation.nova.balances.BalancesIntegrationTest","","io.novafoundation.nova.balances.BalancesIntegrationTest","testFeeLoading[Westmint]","testFeeLoading[Westmint]",""
"passed","Sun Jul 14 16:28:25 GMT 2024","Sun Jul 14 16:28:26 GMT 2024","732","","io.novafoundation.nova.balances.BalancesIntegrationTest","","io.novafoundation.nova.balances.BalancesIntegrationTest","testFeeLoading[InvArch]","testFeeLoading[InvArch]",""
"passed","Sun Jul 14 16:27:48 GMT 2024","Sun Jul 14 16:27:50 GMT 2024","1405","","io.novafoundation.nova.balances.BalancesIntegrationTest","","io.novafoundation.nova.balances.BalancesIntegrationTest","testBalancesLoading[XX network]","testBalancesLoading[XX network]",""
"passed","Sun Jul 14 16:27:19 GMT 2024","Sun Jul 14 16:27:21 GMT 2024","2550","","io.novafoundation.nova.balances.BalancesIntegrationTest","","io.novafoundation.nova.balances.BalancesIntegrationTest","testBalancesLoading[Bifrost Polkadot]","testBalancesLoading[Bifrost Polkadot]",""
"passed","Sun Jul 14 16:27:28 GMT 2024","Sun Jul 14 16:27:29 GMT 2024","621","","io.novafoundation.nova.balances.BalancesIntegrationTest","","io.novafoundation.nova.balances.BalancesIntegrationTest","testFeeLoading[OriginTrail Parachain]","testFeeLoading[OriginTrail Parachain]",""
"passed","Sun Jul 14 16:28:03 GMT 2024","Sun Jul 14 16:28:03 GMT 2024","550","","io.novafoundation.nova.balances.BalancesIntegrationTest","","io.novafoundation.nova.balances.BalancesIntegrationTest","testFeeLoading[Ajuna]","testFeeLoading[Ajuna]",""
"passed","Sun Jul 14 16:24:36 GMT 2024","Sun Jul 14 16:24:38 GMT 2024","2298","","io.novafoundation.nova.balances.BalancesIntegrationTest","","io.novafoundation.nova.balances.BalancesIntegrationTest","testBalancesLoading[Westend]","testBalancesLoading[Westend]",""
"passed","Sun Jul 14 16:28:11 GMT 2024","Sun Jul 14 16:28:13 GMT 2024","2511","","io.novafoundation.nova.balances.BalancesIntegrationTest","","io.novafoundation.nova.balances.BalancesIntegrationTest","testBalancesLoading[Manta]","testBalancesLoading[Manta]",""
"passed","Sun Jul 14 16:25:21 GMT 2024","Sun Jul 14 16:25:22 GMT 2024","727","","io.novafoundation.nova.balances.BalancesIntegrationTest","","io.novafoundation.nova.balances.BalancesIntegrationTest","testFeeLoading[Parallel]","testFeeLoading[Parallel]",""
"passed","Sun Jul 14 16:28:27 GMT 2024","Sun Jul 14 16:28:28 GMT 2024","501","","io.novafoundation.nova.balances.BalancesIntegrationTest","","io.novafoundation.nova.balances.BalancesIntegrationTest","testFeeLoading[Rolimec Rococo]","testFeeLoading[Rolimec Rococo]",""
"passed","Sun Jul 14 16:24:35 GMT 2024","Sun Jul 14 16:24:35 GMT 2024","158","","io.novafoundation.nova.balances.BalancesIntegrationTest","","io.novafoundation.nova.balances.BalancesIntegrationTest","testBalancesLoading[Kusama]","testBalancesLoading[Kusama]",""
"passed","Sun Jul 14 16:27:33 GMT 2024","Sun Jul 14 16:27:35 GMT 2024","1389","","io.novafoundation.nova.balances.BalancesIntegrationTest","","io.novafoundation.nova.balances.BalancesIntegrationTest","testBalancesLoading[Bajun]","testBalancesLoading[Bajun]",""
"passed","Sun Jul 14 16:24:44 GMT 2024","Sun Jul 14 16:24:44 GMT 2024","410","","io.novafoundation.nova.balances.BalancesIntegrationTest","","io.novafoundation.nova.balances.BalancesIntegrationTest","testFeeLoading[Moonbeam]","testFeeLoading[Moonbeam]",""
"passed","Sun Jul 14 16:28:42 GMT 2024","Sun Jul 14 16:28:43 GMT 2024","696","","io.novafoundation.nova.balances.BalancesIntegrationTest","","io.novafoundation.nova.balances.BalancesIntegrationTest","testFeeLoading[Avail]","testFeeLoading[Avail]",""
"passed","Sun Jul 14 16:28:03 GMT 2024","Sun Jul 14 16:28:04 GMT 2024","716","","io.novafoundation.nova.balances.BalancesIntegrationTest","","io.novafoundation.nova.balances.BalancesIntegrationTest","testBalancesLoading[Imbue]","testBalancesLoading[Imbue]",""
